{
    "rouge1": 0.79689240266461,
    "rouge2": 0.7606140631154827,
    "rougeL": 0.7733855633904199,
    "rougeLsum": 0.7734703253159519
}